transaction_id,date,narration,amount,type,true_category
TXN000000,2025-10-01,NEFT-DOMINOS-211755002657,-268.81,Debit,Food & Dining
TXN000001,2025-10-01,NEFT-IRCTC-580863193008,-268.81,Debit,Transport
TXN000002,2025-10-01,BIGBASKET-bigbasket@ybl-UPI-759358685702,-856.95,Debit,Groceries
TXN000003,2025-10-02,IMPS-BYJUS-263322966171,-536.01,Debit,Education
TXN000004,2025-10-02,IMPS-LOCAL KIRANA STORE-237088409572,-205.85,Debit,Groceries
TXN000005,2025-10-03,UPI/RAPIDO/175745391478/rapido@ybl,-152.42,Debit,Transport
TXN000006,2025-10-05,UPI/CHAIPOINT/542596187732/chaipoint@ybl,-805.73,Debit,Food & Dining
TXN000007,2025-10-06,UPI-MEDPLUS-medplus@paytm-975168513199-Payment from Phone,-270.53,Debit,Healthcare
TXN000008,2025-10-06,UPI/AJIO/098830890407/ajio@paytm,-201.02,Debit,Shopping
TXN000009,2025-10-07,IMPS-INDIAN OIL PETROL PUMP-156997673638,-598.42,Debit,Transport
TXN000010,2025-10-07,IMPS-ZOMATO-005507000352,-554.61,Debit,Food & Dining
TXN000011,2025-10-08,NEFT-RAPIDO-811511480880,-373.73,Debit,Transport
TXN000012,2025-10-08,UPI-MCDONALDS-mcd@okicici-524406348066-Payment from Phone,-116.33,Debit,Food & Dining
TXN000013,2025-10-12,IMPS-CHAIPOINT-489103972677,-575.09,Debit,Food & Dining
TXN000014,2025-10-13,UPI/BIGBASKET/557055819015/bigbasket@ybl,-126.51,Debit,Groceries
TXN000015,2025-10-13,INDIAN OIL PETROL PUMP-iocl@ybl-UPI-256455927236,-352.34,Debit,Transport
TXN000016,2025-10-14,NEFT-APOLLOPHARMACY-065055130224,-629.02,Debit,Healthcare
TXN000017,2025-10-14,MUNICIPAL WATER BOARD-waterboard@ybl-UPI-985659182871,-592.62,Debit,Bills & Utilities
TXN000018,2025-10-15,UPI/AIRTEL POSTPAID/685290680319/airtel@paytm,-403.75,Debit,Bills & Utilities
TXN000019,2025-10-17,UPI-UBER-uber@paytm-196103540399-Payment from Phone,-608.59,Debit,Transport
TXN000020,2025-10-18,UPI/BLINKIT/635897921714/blinkit@okhdfcbank,-607.65,Debit,Groceries
TXN000021,2025-10-18,JIO RECHARGE-jio@icici-UPI-746721730419,-545.46,Debit,Bills & Utilities
TXN000022,2025-10-18,BLINKIT-blinkit@okhdfcbank-UPI-263207356830,-1984.04,Debit,Groceries
TXN000023,2025-10-22,UPI/RAPIDO/491810458697/rapido@ybl,-152.92,Debit,Transport
TXN000024,2025-10-23,UPI/MYNTRA/483276346579/myntra@ybl,-528.13,Debit,Shopping
TXN000025,2025-10-23,UPI/DOMINOS/661956365163/dominos@okhdfcbank,-171.43,Debit,Food & Dining
TXN000026,2025-10-25,NEFT-MUNICIPALWATERBOARD-387621024804,-343.13,Debit,Bills & Utilities
TXN000027,2025-10-25,UPI/CHAIPOINT/426077141950/chaipoint@ybl,-606.08,Debit,Food & Dining
TXN000028,2025-10-25,UPI/APOLLO PHARMACY/486959867585/apollo@ybl,-184.64,Debit,Healthcare
TXN000029,2025-10-25,UPI-TATA SKY-tatasky@ybl-478274247238-Payment from Phone,-250.12,Debit,Bills & Utilities
TXN000030,2025-10-25,NEFT-ZOMATO-312434083790,-394.21,Debit,Food & Dining
TXN000031,2025-10-26,IMPS-DOMINOS-238857784243,-384.84,Debit,Food & Dining
TXN000032,2025-10-26,IMPS-TATA SKY-995956048123,-438.04,Debit,Bills & Utilities
TXN000033,2025-10-27,UPI-PVR CINEMAS-pvr@paytm-294847092090-Payment from Phone,-283.04,Debit,Entertainment
TXN000034,2025-10-27,UPI/PRACTO/862419423697/practo@icici,-58.54,Debit,Healthcare
TXN000035,2025-10-29,UPI/SPOTIFY/560604443841/spotify@okaxis,-277.48,Debit,Entertainment
TXN000036,2025-10-29,NEFT-DOMINOS-593915826368,-313.88,Debit,Food & Dining
TXN000037,2025-10-30,UPI/AJIO/343432258551/ajio@paytm,-173.49,Debit,Shopping
TXN000038,2025-10-30,NEFT-GROWWMUTUALFUND-697485329247,-395.67,Debit,Investment
TXN000039,2025-10-31,NEFT-OLA-664702635454,-537.91,Debit,Transport
TXN000040,2025-10-31,NEFT-ZEPTO-221115712479,-143.67,Debit,Groceries
TXN000041,2025-11-01,NEFT-SPOTIFY-210529561848,-206.71,Debit,Entertainment
TXN000042,2025-11-01,ZEPTO-zepto@ybl-UPI-410948406015,-497.53,Debit,Groceries
TXN000043,2025-11-02,UPI/FAMILY TRANSFER/725448936679/father@ybl,21063.18,Credit,Income
TXN000044,2025-11-02,UPI/MYNTRA/611004522774/myntra@ybl,-116.11,Debit,Shopping
TXN000045,2025-11-02,PRACTO-practo@icici-UPI-456980137521,-244.5,Debit,Healthcare
TXN000046,2025-11-02,JIO RECHARGE-jio@icici-UPI-540043209859,-468.68,Debit,Bills & Utilities
TXN000047,2025-11-03,IMPS-MCDONALDS-691564033683,-384.53,Debit,Food & Dining
TXN000048,2025-11-03,UPI/ZEPTO/854339459654/zepto@ybl,-540.82,Debit,Groceries
TXN000049,2025-11-04,UPI-BYJUS-byjus@paytm-077836894055-Payment from Phone,-145.72,Debit,Education
TXN000050,2025-11-04,UPI/BOOK STORE/941535543165/bookstore@ybl,-444.13,Debit,Education
TXN000051,2025-11-04,OLA-ola@okicici-UPI-395882749582,-995.97,Debit,Transport
TXN000052,2025-11-04,UPI/CHAIPOINT/099418475289/chaipoint@ybl,-182.74,Debit,Food & Dining
TXN000053,2025-11-04,NEFT-AJIO-672594619621,-393.39,Debit,Shopping
TXN000054,2025-11-05,NEFT-AJIO-018907263036,-542.59,Debit,Shopping
TXN000055,2025-11-05,UPI-RAPIDO-rapido@ybl-684562622097-Payment from Phone,-100.99,Debit,Transport
TXN000056,2025-11-05,NEFT-RAPIDO-907231557108,-174.02,Debit,Transport
TXN000057,2025-11-05,NEFT-TATASKY-914220896143,-574.01,Debit,Bills & Utilities
TXN000058,2025-11-06,PPF DEPOSIT-ppf@sbi-UPI-281342559296,-267.7,Debit,Investment
TXN000059,2025-11-06,UPI/SWIGGY/978972821277/swiggy@ybl,-147.25,Debit,Food & Dining
TXN000060,2025-11-06,AMAZON-amazon@apl-UPI-345702711595,-609.19,Debit,Shopping
TXN000061,2025-11-08,UPI/LOCAL KIRANA STORE/208934193408/kirana123@ybl,-226.66,Debit,Groceries
TXN000062,2025-11-08,RAPIDO-rapido@ybl-UPI-679471404490,-539.22,Debit,Transport
TXN000063,2025-11-08,NEFT-PVRCINEMAS-928840726638,-292.07,Debit,Entertainment
TXN000064,2025-11-08,NEFT-IRCTC-054665891208,-527.02,Debit,Transport
TXN000065,2025-11-09,NEFT-OLA-806593311846,-517.12,Debit,Transport
TXN000066,2025-11-10,UPI/DOMINOS/215072283190/dominos@okhdfcbank,-342.01,Debit,Food & Dining
TXN000067,2025-11-11,IMPS-FLIPKART-181375021410,-638.92,Debit,Shopping
TXN000068,2025-11-12,UPI-AMAZON-amazon@apl-426796360984-Payment from Phone,-332.09,Debit,Shopping
TXN000069,2025-11-12,UPI-IRCTC-irctc@sbi-006026539546-Payment from Phone,-456.3,Debit,Transport
TXN000070,2025-11-13,IMPS-MCDONALDS-724234404631,-455.93,Debit,Food & Dining
TXN000071,2025-11-13,UPI-SWIGGY-swiggy@ybl-007855531367-Payment from Phone,-600.78,Debit,Food & Dining
TXN000072,2025-11-13,NEFT-PPFDEPOSIT-315148351224,-498.26,Debit,Investment
TXN000073,2025-11-14,IMPS-HOTSTAR-656660279311,-220.76,Debit,Entertainment
TXN000074,2025-11-15,UPI-JAIPUR VIDYUT VITRAN NIGAM-jvvnl@sbi-053413395817-Payment from Phone,-339.43,Debit,Bills & Utilities
TXN000075,2025-11-18,UPI/IRCTC/425316553290/irctc@sbi,-848.31,Debit,Transport
TXN000076,2025-11-18,IMPS-BLINKIT-772144152563,-350.88,Debit,Groceries
TXN000077,2025-11-20,UPI/MYNTRA/574103868908/myntra@ybl,-14909.11,Debit,Shopping
TXN000078,2025-11-21,UPI/IRCTC/533331515937/irctc@sbi,-52.58,Debit,Transport
TXN000079,2025-11-21,NEFT-BLINKIT-211709645568,-365.45,Debit,Groceries
TXN000080,2025-11-22,UPI-GROWW MUTUAL FUND-groww@ybl-104320534080-Payment from Phone,-453.31,Debit,Investment
TXN000081,2025-11-25,UPI/AMAZON/486341018375/amazon@apl,-569.51,Debit,Shopping
TXN000082,2025-11-26,IMPS-TATA SKY-563937606335,-1132.71,Debit,Bills & Utilities
TXN000083,2025-11-27,MUNICIPAL WATER BOARD-waterboard@ybl-UPI-835139635933,-629.57,Debit,Bills & Utilities
TXN000084,2025-12-02,NEFT-RAPIDO-039371912755,-139.36,Debit,Transport
TXN000085,2025-12-02,IMPS-DOMINOS-865116697037,-881.69,Debit,Food & Dining
TXN000086,2025-12-02,IMPS-AJIO-229791654775,-95.28,Debit,Shopping
TXN000087,2025-12-03,IMPS-BOOKMYSHOW-804397510145,-424.29,Debit,Entertainment
TXN000088,2025-12-03,ZOMATO-zomato@paytm-UPI-889433302307,-584.95,Debit,Food & Dining
TXN000089,2025-12-04,IMPS-DOMINOS-948746902196,-496.92,Debit,Food & Dining
TXN000090,2025-12-05,IMPS-BIGBASKET-302615713368,-286.09,Debit,Groceries
TXN000091,2025-12-05,PG ACCOMMODATION-pgowner@paytm-UPI-266084565720,-6365.55,Debit,Rent & Housing
TXN000092,2025-12-05,ZEPTO-zepto@ybl-UPI-165395750803,-350.27,Debit,Groceries
TXN000093,2025-12-06,OLA-ola@okicici-UPI-807420109595,-478.53,Debit,Transport
TXN000094,2025-12-10,UPI-DOMINOS-dominos@okhdfcbank-274449316372-Payment from Phone,-576.23,Debit,Food & Dining
TXN000095,2025-12-11,MCDONALDS-mcd@okicici-UPI-912132471447,-224.48,Debit,Food & Dining
TXN000096,2025-12-11,UPI-AJIO-ajio@paytm-299063869167-Payment from Phone,-581.36,Debit,Shopping
TXN000097,2025-12-12,UPI-DMART-dmart@paytm-390143401332-Payment from Phone,-397.23,Debit,Groceries
TXN000098,2025-12-12,IMPS-ZOMATO-435224929418,-66.83,Debit,Food & Dining
TXN000099,2025-12-13,IMPS-AJIO-809646387619,-384.99,Debit,Shopping
TXN000100,2025-12-13,JAIPUR VIDYUT VITRAN NIGAM-jvvnl@sbi-UPI-899675221771,-116.36,Debit,Bills & Utilities
TXN000101,2025-12-13,IMPS-UBER-972435491803,-234.84,Debit,Transport
TXN000102,2025-12-14,NEFT-AMAZON-519167685800,-198.89,Debit,Shopping
TXN000103,2025-12-14,UPI-BLINKIT-blinkit@okhdfcbank-746462948620-Payment from Phone,-1019.91,Debit,Groceries
TXN000104,2025-12-14,ARYA COLLEGE FEE PORTAL-arya.edu@sbi-UPI-531929520192,-261.32,Debit,Education
TXN000105,2025-12-15,IRCTC-irctc@sbi-UPI-263778913534,-641.86,Debit,Transport
TXN000106,2025-12-16,IMPS-SWIGGY-236281353745,-185.1,Debit,Food & Dining
TXN000107,2025-12-16,UPI-BYJUS-byjus@paytm-095923048645-Payment from Phone,-317.96,Debit,Education
TXN000108,2025-12-16,NEFT-RAPIDO-773451505729,-253.75,Debit,Transport
TXN000109,2025-12-18,UPI/RAPIDO/531640078518/rapido@ybl,-548.24,Debit,Transport
TXN000110,2025-12-18,UPI-LOCAL KIRANA STORE-kirana123@ybl-336855545403-Payment from Phone,-230.15,Debit,Groceries
TXN000111,2025-12-19,UPI/AMAZON/526952045773/amazon@apl,-369.9,Debit,Shopping
TXN000112,2025-12-20,NEFT-APOLLOPHARMACY-144425648775,-182.1,Debit,Healthcare
TXN000113,2025-12-20,UPI/ZEPTO/531933776661/zepto@ybl,-273.08,Debit,Groceries
TXN000114,2025-12-21,IMPS-DMART-776445972558,-255.09,Debit,Groceries
TXN000115,2025-12-21,NEFT-BOOKMYSHOW-227342425961,-318.94,Debit,Entertainment
TXN000116,2025-12-24,UPI/OLA/841114217757/ola@okicici,-322.94,Debit,Transport
TXN000117,2025-12-24,NEFT-GROWWMUTUALFUND-717820269346,-375.15,Debit,Investment
TXN000118,2025-12-24,IMPS-PRACTO-604717059498,-510.65,Debit,Healthcare
TXN000119,2025-12-24,UPI-JIO RECHARGE-jio@icici-369055799181-Payment from Phone,-236.09,Debit,Bills & Utilities
TXN000120,2025-12-25,AJIO-ajio@paytm-UPI-850611322279,-694.34,Debit,Shopping
TXN000121,2025-12-25,RELIANCE DIGITAL-reliancedigital@ybl-UPI-066013458731,-970.84,Debit,Shopping
TXN000122,2025-12-25,NEFT-OLA-211764545622,-294.95,Debit,Transport
TXN000123,2025-12-25,UPI/ARYA COLLEGE FEE PORTAL/553918925184/arya.edu@sbi,-608.87,Debit,Education
TXN000124,2025-12-27,UPI-CITY HOSPITAL-cityhospital@sbi-845404873875-Payment from Phone,-175.91,Debit,Healthcare
TXN000125,2025-12-28,UPI-GROWW MUTUAL FUND-groww@ybl-655823297184-Payment from Phone,-449.45,Debit,Investment
TXN000126,2025-12-28,IMPS-MUNICIPAL WATER BOARD-990904779649,-356.32,Debit,Bills & Utilities
TXN000127,2025-12-28,UPI-IRCTC-irctc@sbi-366563155720-Payment from Phone,-155.91,Debit,Transport
TXN000128,2025-12-29,IMPS-LOCAL KIRANA STORE-782895425571,-223.65,Debit,Groceries
TXN000129,2025-12-29,UPI/AMAZON/996734137483/amazon@apl,-757.4,Debit,Shopping
TXN000130,2025-12-29,NEFT-MCDONALDS-057074228052,-686.01,Debit,Food & Dining
TXN000131,2025-12-30,NEFT-CITYHOSPITAL-951226980712,-295.46,Debit,Healthcare
TXN000132,2025-12-30,IMPS-AMAZON-177548390991,-307.29,Debit,Shopping
TXN000133,2025-12-31,AIRTEL POSTPAID-airtel@paytm-UPI-323246338487,-134.01,Debit,Bills & Utilities
TXN000134,2025-12-31,UPI/MEDPLUS/308705572125/medplus@paytm,-288.12,Debit,Healthcare
TXN000135,2025-12-31,UPI-RAPIDO-rapido@ybl-289641717495-Payment from Phone,-517.61,Debit,Transport
TXN000136,2025-12-31,NEFT-AMAZON-967482705366,-127.2,Debit,Shopping
TXN000137,2025-12-31,UPI-CITY HOSPITAL-cityhospital@sbi-054075256491-Payment from Phone,-404.04,Debit,Healthcare
TXN000138,2025-12-31,UPI-FLIPKART-flipkart@icici-158233459268-Payment from Phone,-177.52,Debit,Shopping
TXN000139,2026-01-01,NEFT-BIGBASKET-379370294394,-496.35,Debit,Groceries
TXN000140,2026-01-01,NEFT-FAMILYTRANSFER-014475805028,15561.15,Credit,Income
TXN000141,2026-01-01,UPI-UBER-uber@paytm-962561802188-Payment from Phone,-265.79,Debit,Transport
TXN000142,2026-01-01,IMPS-LOCAL KIRANA STORE-283837197590,-607.15,Debit,Groceries
TXN000143,2026-01-02,NEFT-CHAIPOINT-454030533230,-763.67,Debit,Food & Dining
TXN000144,2026-01-02,UPI/SCHOLARSHIP CREDIT/701767310332/college@sbi,22980.55,Credit,Income
TXN000145,2026-01-03,IMPS-FLIPKART-612211227397,-576.6,Debit,Shopping
TXN000146,2026-01-03,FLIPKART-flipkart@icici-UPI-410383844865,-289.26,Debit,Shopping
TXN000147,2026-01-04,NEFT-PRACTO-413376973273,-72.74,Debit,Healthcare
TXN000148,2026-01-04,UPI/LOCAL KIRANA STORE/170792780876/kirana123@ybl,-307.28,Debit,Groceries
TXN000149,2026-01-05,NEFT-LANDLORDRAJESHKUMAR-709445965738,-8145.71,Debit,Rent & Housing
TXN000150,2026-01-05,UPI-AMAZON-amazon@apl-126165669371-Payment from Phone,-107.5,Debit,Shopping
TXN000151,2026-01-10,IRCTC-irctc@sbi-UPI-466194290873,-504.08,Debit,Transport
TXN000152,2026-01-11,UPI/ZEPTO/307400703189/zepto@ybl,-212.88,Debit,Groceries
TXN000153,2026-01-11,IMPS-RELIANCE DIGITAL-159241640615,-170.9,Debit,Shopping
TXN000154,2026-01-11,ZOMATO-zomato@paytm-UPI-278018134285,-295.81,Debit,Food & Dining
TXN000155,2026-01-12,RELIANCE DIGITAL-reliancedigital@ybl-UPI-134168956321,-138.01,Debit,Shopping
TXN000156,2026-01-14,CITY HOSPITAL-cityhospital@sbi-UPI-189546484007,-271.53,Debit,Healthcare
TXN000157,2026-01-14,OLA-ola@okicici-UPI-544599112186,-294.65,Debit,Transport
TXN000158,2026-01-16,UPI/ZEPTO/574552595774/zepto@ybl,-1279.0,Debit,Groceries
TXN000159,2026-01-17,NEFT-ZOMATO-294384972853,-253.43,Debit,Food & Dining
TXN000160,2026-01-17,NEFT-FLIPKART-678855519259,-474.91,Debit,Shopping
TXN000161,2026-01-18,IMPS-JAIPUR VIDYUT VITRAN NIGAM-174026711328,-398.3,Debit,Bills & Utilities
TXN000162,2026-01-19,UPI-MYNTRA-myntra@ybl-630774768445-Payment from Phone,-176.33,Debit,Shopping
TXN000163,2026-01-20,UPI-RAPIDO-rapido@ybl-873984325187-Payment from Phone,-96.01,Debit,Transport
TXN000164,2026-01-22,NETFLIX-netflix@hdfcbank-UPI-184092616192,-338.34,Debit,Entertainment
TXN000165,2026-01-22,NEFT-DMART-660677400205,-161.06,Debit,Groceries
TXN000166,2026-01-22,IMPS-JAIPUR VIDYUT VITRAN NIGAM-031864208132,-137.76,Debit,Bills & Utilities
TXN000167,2026-01-22,UPI/BOOKMYSHOW/660561327964/bms@ybl,-277.91,Debit,Entertainment
TXN000168,2026-01-23,LOCAL KIRANA STORE-kirana123@ybl-UPI-572089414559,-350.58,Debit,Groceries
TXN000169,2026-01-23,SWIGGY-swiggy@ybl-UPI-539312056676,-326.48,Debit,Food & Dining
TXN000170,2026-01-25,BOOK STORE-bookstore@ybl-UPI-451490502993,-202.32,Debit,Education
TXN000171,2026-01-26,UPI-IRCTC-irctc@sbi-446510099135-Payment from Phone,-160.68,Debit,Transport
TXN000172,2026-01-27,OLA-ola@okicici-UPI-004463771771,-420.13,Debit,Transport
TXN000173,2026-01-27,UPI-MYNTRA-myntra@ybl-117287082075-Payment from Phone,-300.7,Debit,Shopping
TXN000174,2026-01-28,IMPS-UBER-453215725082,-460.28,Debit,Transport
TXN000175,2026-01-29,NEFT-PRACTO-985974347203,-370.85,Debit,Healthcare
TXN000176,2026-01-31,NEFT-LOCALKIRANASTORE-990428350253,-78.46,Debit,Groceries
TXN000177,2026-02-01,IMPS-FAMILY TRANSFER-775719056603,24977.87,Credit,Income
TXN000178,2026-02-01,COURSERA-coursera@ybl-UPI-152409709857,-331.31,Debit,Education
TXN000179,2026-02-03,UPI-AJIO-ajio@paytm-054922387732-Payment from Phone,-161.19,Debit,Shopping
TXN000180,2026-02-03,UPI/PRACTO/751144592321/practo@icici,-239.22,Debit,Healthcare
TXN000181,2026-02-04,NEFT-RELIANCEDIGITAL-248108918366,-537.41,Debit,Shopping
TXN000182,2026-02-04,IMPS-LOCAL KIRANA STORE-083023562904,-657.52,Debit,Groceries
TXN000183,2026-02-05,IMPS-SWIGGY-168088190947,-361.2,Debit,Food & Dining
TXN000184,2026-02-07,IMPS-ZOMATO-924166648403,-341.26,Debit,Food & Dining
TXN000185,2026-02-07,UPI-LOCAL KIRANA STORE-kirana123@ybl-295037473532-Payment from Phone,-220.36,Debit,Groceries
TXN000186,2026-02-07,UPI-BLINKIT-blinkit@okhdfcbank-082843521225-Payment from Phone,-230.29,Debit,Groceries
TXN000187,2026-02-08,NEFT-CITYHOSPITAL-388158690795,-261.49,Debit,Healthcare
TXN000188,2026-02-08,CITY HOSPITAL-cityhospital@sbi-UPI-510060436831,-598.48,Debit,Healthcare
TXN000189,2026-02-09,IMPS-ZOMATO-788939313119,-636.72,Debit,Food & Dining
TXN000190,2026-02-10,IMPS-MCDONALDS-697251361799,-163.57,Debit,Food & Dining
TXN000191,2026-02-10,UPI-BOOK STORE-bookstore@ybl-069925917291-Payment from Phone,-378.15,Debit,Education
TXN000192,2026-02-11,UPI/ZEPTO/148661082390/zepto@ybl,-454.62,Debit,Groceries
TXN000193,2026-02-11,IMPS-JIO RECHARGE-422021037984,-537.15,Debit,Bills & Utilities
TXN000194,2026-02-12,GROWW MUTUAL FUND-groww@ybl-UPI-677222058134,-557.28,Debit,Investment
TXN000195,2026-02-12,UPI/SWIGGY/580564091811/swiggy@ybl,-713.22,Debit,Food & Dining
TXN000196,2026-02-13,UPI/AJIO/101208334605/ajio@paytm,-161.8,Debit,Shopping
TXN000197,2026-02-13,NEFT-IRCTC-342422076035,-261.56,Debit,Transport
TXN000198,2026-02-13,NEFT-BIGBASKET-884584840975,-145.19,Debit,Groceries
TXN000199,2026-02-14,UPI/MUNICIPAL WATER BOARD/194912100628/waterboard@ybl,-570.85,Debit,Bills & Utilities
TXN000200,2026-02-15,NEFT-BIGBASKET-055859075711,-758.15,Debit,Groceries
TXN000201,2026-02-17,NEFT-APOLLOPHARMACY-512534346021,-363.94,Debit,Healthcare
TXN000202,2026-02-17,UPI-TATA SKY-tatasky@ybl-083279808324-Payment from Phone,-1449.02,Debit,Bills & Utilities
TXN000203,2026-02-17,ZERODHA-zerodha@icici-UPI-194824612877,-953.93,Debit,Investment
TXN000204,2026-02-18,FLIPKART-flipkart@icici-UPI-074755182000,-479.13,Debit,Shopping
TXN000205,2026-02-19,UPI-ZEPTO-zepto@ybl-561035185318-Payment from Phone,-143.79,Debit,Groceries
TXN000206,2026-02-19,IMPS-ZEPTO-087222265896,-291.71,Debit,Groceries
TXN000207,2026-02-21,NEFT-UBER-598376649331,-76.36,Debit,Transport
TXN000208,2026-02-21,IMPS-DMART-152088431042,-140.92,Debit,Groceries
TXN000209,2026-02-21,NEFT-AMAZON-269772884235,-284.76,Debit,Shopping
TXN000210,2026-02-21,UBER-uber@paytm-UPI-099855264323,-231.33,Debit,Transport
TXN000211,2026-02-22,ZOMATO-zomato@paytm-UPI-775998622848,-248.54,Debit,Food & Dining
TXN000212,2026-02-23,UPI/BIGBASKET/485908583208/bigbasket@ybl,-898.99,Debit,Groceries
TXN000213,2026-02-24,UPI/LOCAL KIRANA STORE/891810393042/kirana123@ybl,-647.63,Debit,Groceries
TXN000214,2026-02-24,FLIPKART-flipkart@icici-UPI-470664930130,-63.08,Debit,Shopping
TXN000215,2026-02-25,NEFT-AMAZON-662631351822,-169.98,Debit,Shopping
TXN000216,2026-02-26,UPI/BLINKIT/393199427175/blinkit@okhdfcbank,-283.37,Debit,Groceries
TXN000217,2026-02-26,SWIGGY-swiggy@ybl-UPI-367650180141,-368.43,Debit,Food & Dining
TXN000218,2026-03-01,BIGBASKET-bigbasket@ybl-UPI-626181711111,-287.69,Debit,Groceries
TXN000219,2026-03-01,IMPS-BOOKMYSHOW-341596420015,-772.19,Debit,Entertainment
TXN000220,2026-03-02,NEFT-ZEPTO-644811798194,-97.39,Debit,Groceries
TXN000221,2026-03-02,IMPS-SWIGGY-016389273314,-29.23,Debit,Food & Dining
TXN000222,2026-03-02,UPI-SALARY CREDIT EVOASTRA VENTURE-evoastra@hdfcbank-122924010283-Payment from Phone,22235.64,Credit,Income
TXN000223,2026-03-03,NEFT-FAMILYTRANSFER-688784484060,22791.64,Credit,Income
TXN000224,2026-03-03,UPI/HOTSTAR/729856647466/hotstar@icici,-173.12,Debit,Entertainment
TXN000225,2026-03-04,IMPS-RELIANCE DIGITAL-061888042902,-184.27,Debit,Shopping
TXN000226,2026-03-04,UPI-OLA-ola@okicici-045043970405-Payment from Phone,-180.59,Debit,Transport
TXN000227,2026-03-06,UPI-BOOK STORE-bookstore@ybl-269302456467-Payment from Phone,-116.19,Debit,Education
TXN000228,2026-03-07,NEFT-JAIPURVIDYUTVITRANNIGAM-389257011771,-518.06,Debit,Bills & Utilities
TXN000229,2026-03-08,NEFT-CHAIPOINT-281370661845,-480.01,Debit,Food & Dining
TXN000230,2026-03-08,NEFT-CHAIPOINT-075459796181,-253.66,Debit,Food & Dining
TXN000231,2026-03-08,NEFT-MYNTRA-539972994147,-402.35,Debit,Shopping
TXN000232,2026-03-09,UPI-JIO RECHARGE-jio@icici-559768584013-Payment from Phone,-84.18,Debit,Bills & Utilities
TXN000233,2026-03-09,NEFT-AIRTELPOSTPAID-279610725346,-484.01,Debit,Bills & Utilities
TXN000234,2026-03-09,JIO RECHARGE-jio@icici-UPI-796262369695,-113.07,Debit,Bills & Utilities
TXN000235,2026-03-10,MUNICIPAL WATER BOARD-waterboard@ybl-UPI-357660347690,-607.24,Debit,Bills & Utilities
TXN000236,2026-03-10,UPI/ZEPTO/897675679216/zepto@ybl,-312.86,Debit,Groceries
TXN000237,2026-03-12,NEFT-SWIGGY-451523711309,-103.11,Debit,Food & Dining
TXN000238,2026-03-13,LOCAL KIRANA STORE-kirana123@ybl-UPI-507595715438,-527.99,Debit,Groceries
TXN000239,2026-03-13,UPI-DMART-dmart@paytm-275989064966-Payment from Phone,-367.85,Debit,Groceries
TXN000240,2026-03-13,UPI/JIO RECHARGE/371270575542/jio@icici,-145.24,Debit,Bills & Utilities
TXN000241,2026-03-14,IMPS-SWIGGY-195006784157,-876.12,Debit,Food & Dining
TXN000242,2026-03-14,IMPS-JAIPUR VIDYUT VITRAN NIGAM-714300755223,-852.94,Debit,Bills & Utilities
TXN000243,2026-03-15,IMPS-SWIGGY-566757091730,-196.97,Debit,Food & Dining
TXN000244,2026-03-15,UBER-uber@paytm-UPI-451375916977,-326.1,Debit,Transport
TXN000245,2026-03-16,UPI/BOOKMYSHOW/055937934651/bms@ybl,-9478.82,Debit,Entertainment
TXN000246,2026-03-17,NEFT-MYNTRA-117889945200,-86.93,Debit,Shopping
TXN000247,2026-03-18,IMPS-BLINKIT-622014366158,-170.08,Debit,Groceries
TXN000248,2026-03-18,UPI/DOMINOS/227481784335/dominos@okhdfcbank,-449.86,Debit,Food & Dining
TXN000249,2026-03-19,NEFT-DOMINOS-815280005054,-365.03,Debit,Food & Dining
TXN000250,2026-03-20,NEFT-DOMINOS-594732772453,-1394.8,Debit,Food & Dining
TXN000251,2026-03-20,RELIANCE DIGITAL-reliancedigital@ybl-UPI-711558179072,-16209.94,Debit,Shopping
TXN000252,2026-03-21,UBER-uber@paytm-UPI-657398061962,-298.23,Debit,Transport
TXN000253,2026-03-22,NEFT-AJIO-636853953844,-516.35,Debit,Shopping
TXN000254,2026-03-22,IMPS-ZOMATO-425211686431,-207.36,Debit,Food & Dining
TXN000255,2026-03-22,IMPS-INDIAN OIL PETROL PUMP-180051605021,-488.94,Debit,Transport
TXN000256,2026-03-24,UPI/DOMINOS/926442415765/dominos@okhdfcbank,-83.06,Debit,Food & Dining
TXN000257,2026-03-25,NEFT-ZEPTO-503105968619,-641.61,Debit,Groceries
TXN000258,2026-03-26,IMPS-BYJUS-569325515495,-132.38,Debit,Education
TXN000259,2026-03-26,OLA-ola@okicici-UPI-070553284145,-370.9,Debit,Transport
TXN000260,2026-03-26,IMPS-HOTSTAR-706950964486,-348.66,Debit,Entertainment
TXN000261,2026-03-26,NEFT-ZEPTO-735776014282,-431.32,Debit,Groceries
TXN000262,2026-03-27,UPI-ARYA COLLEGE FEE PORTAL-arya.edu@sbi-746124356719-Payment from Phone,-637.31,Debit,Education
TXN000263,2026-03-27,UPI-BOOKMYSHOW-bms@ybl-460236794629-Payment from Phone,-342.9,Debit,Entertainment
TXN000264,2026-03-27,UPI/PRACTO/642682055210/practo@icici,-224.89,Debit,Healthcare
TXN000265,2026-03-27,NEFT-AIRTELPOSTPAID-023642079575,-374.64,Debit,Bills & Utilities
TXN000266,2026-03-27,DMART-dmart@paytm-UPI-294401555315,-221.93,Debit,Groceries
TXN000267,2026-03-29,UPI/AJIO/957794450106/ajio@paytm,-192.79,Debit,Shopping
TXN000268,2026-03-30,UPI/DMART/435722373513/dmart@paytm,-633.71,Debit,Groceries
TXN000269,2026-03-30,UPI-MEDPLUS-medplus@paytm-179172222883-Payment from Phone,-339.53,Debit,Healthcare
TXN000270,2026-03-31,IMPS-JAIPUR VIDYUT VITRAN NIGAM-631381229314,-399.01,Debit,Bills & Utilities
TXN000271,2026-03-31,UPI/JIO RECHARGE/344596878581/jio@icici,-74.33,Debit,Bills & Utilities
TXN000272,2026-03-31,BLINKIT-blinkit@okhdfcbank-UPI-715490387415,-588.53,Debit,Groceries
TXN000273,2026-03-31,NEFT-CHAIPOINT-675046498849,-641.96,Debit,Food & Dining
TXN000274,2026-04-01,IMPS-FAMILY TRANSFER-985773553608,19995.98,Credit,Income
TXN000275,2026-04-01,NEFT-ARYACOLLEGEFEEPORTAL-433592018915,-68.81,Debit,Education
TXN000276,2026-04-02,UPI-LOCAL KIRANA STORE-kirana123@ybl-478326118365-Payment from Phone,-57.66,Debit,Groceries
TXN000277,2026-04-03,UPI/SCHOLARSHIP CREDIT/226248359410/college@sbi,18168.78,Credit,Income
TXN000278,2026-04-03,IMPS-JAIPUR VIDYUT VITRAN NIGAM-230940759160,-117.81,Debit,Bills & Utilities
TXN000279,2026-04-03,NEFT-BLINKIT-741510398489,-611.79,Debit,Groceries
TXN000280,2026-04-04,PPF DEPOSIT-ppf@sbi-UPI-554784659420,-272.97,Debit,Investment
TXN000281,2026-04-04,RAPIDO-rapido@ybl-UPI-105712564727,-681.15,Debit,Transport
TXN000282,2026-04-05,FLIPKART-flipkart@icici-UPI-453173324279,-876.39,Debit,Shopping
TXN000283,2026-04-07,UPI-PVR CINEMAS-pvr@paytm-101144743190-Payment from Phone,-241.33,Debit,Entertainment
TXN000284,2026-04-07,UPI/BLINKIT/772143379473/blinkit@okhdfcbank,-121.58,Debit,Groceries
TXN000285,2026-04-09,UPI-CHAIPOINT-chaipoint@ybl-182309739291-Payment from Phone,-369.67,Debit,Food & Dining
TXN000286,2026-04-10,UPI/GROWW MUTUAL FUND/399177514230/groww@ybl,-87.64,Debit,Investment
TXN000287,2026-04-11,UPI/ZEPTO/312170074530/zepto@ybl,-391.45,Debit,Groceries
TXN000288,2026-04-12,IMPS-JIO RECHARGE-996067712977,-404.63,Debit,Bills & Utilities
TXN000289,2026-04-13,NEFT-CHAIPOINT-318442611372,-312.37,Debit,Food & Dining
TXN000290,2026-04-14,AMAZON-amazon@apl-UPI-548547578636,-960.09,Debit,Shopping
TXN000291,2026-04-15,UPI/MUNICIPAL WATER BOARD/816712430609/waterboard@ybl,-220.03,Debit,Bills & Utilities
TXN000292,2026-04-15,UPI/UDEMY/110634650270/udemy@okhdfcbank,-633.94,Debit,Education
TXN000293,2026-04-15,UPI-JAIPUR VIDYUT VITRAN NIGAM-jvvnl@sbi-463788706578-Payment from Phone,-477.18,Debit,Bills & Utilities
TXN000294,2026-04-16,IMPS-SWIGGY-412822355203,-355.4,Debit,Food & Dining
TXN000295,2026-04-16,NEFT-RELIANCEDIGITAL-180923798955,-282.82,Debit,Shopping
TXN000296,2026-04-16,IRCTC-irctc@sbi-UPI-832535734900,-497.41,Debit,Transport
TXN000297,2026-04-16,TATA SKY-tatasky@ybl-UPI-811431943393,-769.44,Debit,Bills & Utilities
TXN000298,2026-04-16,IMPS-ZERODHA-123165955775,-244.01,Debit,Investment
TXN000299,2026-04-18,UPI-MUNICIPAL WATER BOARD-waterboard@ybl-806083793849-Payment from Phone,-552.98,Debit,Bills & Utilities
TXN000300,2026-04-18,IMPS-UDEMY-789660535361,-89.93,Debit,Education
TXN000301,2026-04-18,UPI/PPF DEPOSIT/504713475234/ppf@sbi,-531.31,Debit,Investment
TXN000302,2026-04-19,IMPS-OLA-461672073906,-102.91,Debit,Transport
TXN000303,2026-04-20,UPI-DOMINOS-dominos@okhdfcbank-503969410813-Payment from Phone,-484.59,Debit,Food & Dining
TXN000304,2026-04-20,NEFT-SWIGGY-261823834372,-365.49,Debit,Food & Dining
TXN000305,2026-04-21,IMPS-ZEPTO-696639520262,-645.04,Debit,Groceries
TXN000306,2026-04-22,IMPS-CHAIPOINT-669312839579,-139.1,Debit,Food & Dining
TXN000307,2026-04-24,NEFT-UDEMY-454364165621,-93.64,Debit,Education
TXN000308,2026-04-24,CITY HOSPITAL-cityhospital@sbi-UPI-991993591387,-139.76,Debit,Healthcare
TXN000309,2026-04-24,NEFT-MCDONALDS-957093470633,-850.66,Debit,Food & Dining
TXN000310,2026-04-24,NEFT-BIGBASKET-688805218603,-304.98,Debit,Groceries
TXN000311,2026-04-25,UPI/BLINKIT/200718461341/blinkit@okhdfcbank,-271.23,Debit,Groceries
TXN000312,2026-04-25,NEFT-IRCTC-378671110966,-516.55,Debit,Transport
TXN000313,2026-04-26,UPI/NETFLIX/992622194668/netflix@hdfcbank,-124.61,Debit,Entertainment
TXN000314,2026-04-26,UPI-UBER-uber@paytm-687395567014-Payment from Phone,-309.53,Debit,Transport
TXN000315,2026-04-27,NEFT-LOCALKIRANASTORE-375560233844,-380.17,Debit,Groceries
TXN000316,2026-04-28,UPI/AIRTEL POSTPAID/460515853304/airtel@paytm,-406.9,Debit,Bills & Utilities
TXN000317,2026-04-28,NEFT-ARYACOLLEGEFEEPORTAL-269771143537,-439.15,Debit,Education
TXN000318,2026-04-28,IMPS-FLIPKART-337956181743,-495.51,Debit,Shopping
TXN000319,2026-04-30,NEFT-PRACTO-070448642644,-746.99,Debit,Healthcare
TXN000320,2026-04-30,FLIPKART-flipkart@icici-UPI-826821031056,-188.67,Debit,Shopping
TXN000321,2026-04-30,APOLLO PHARMACY-apollo@ybl-UPI-191266559730,-963.27,Debit,Healthcare
TXN000322,2026-04-30,NEFT-ZEPTO-878041834220,-350.76,Debit,Groceries
TXN000323,2026-05-01,IMPS-GROWW MUTUAL FUND-767748256964,-187.94,Debit,Investment
TXN000324,2026-05-01,OLA-ola@okicici-UPI-822114772640,-281.56,Debit,Transport
TXN000325,2026-05-02,UPI/ZOMATO/620357133598/zomato@paytm,-186.82,Debit,Food & Dining
TXN000326,2026-05-03,FAMILY TRANSFER-father@ybl-UPI-764685374782,24161.63,Credit,Income
TXN000327,2026-05-03,IMPS-AMAZON-267839209685,-146.73,Debit,Shopping
TXN000328,2026-05-03,UPI-SWIGGY-swiggy@ybl-877304424923-Payment from Phone,-309.05,Debit,Food & Dining
TXN000329,2026-05-05,UPI/LANDLORD RAJESH KUMAR/045197571889/rajeshk@ybl,-7331.32,Debit,Rent & Housing
TXN000330,2026-05-05,BIGBASKET-bigbasket@ybl-UPI-475096504056,-158.96,Debit,Groceries
TXN000331,2026-05-05,UPI-DOMINOS-dominos@okhdfcbank-622257621195-Payment from Phone,-328.84,Debit,Food & Dining
TXN000332,2026-05-05,UPI-DMART-dmart@paytm-529851385009-Payment from Phone,-280.29,Debit,Groceries
TXN000333,2026-05-06,IMPS-CHAIPOINT-378664331780,-180.04,Debit,Food & Dining
TXN000334,2026-05-06,IMPS-AMAZON-894467422869,-388.69,Debit,Shopping
TXN000335,2026-05-06,UPI-DOMINOS-dominos@okhdfcbank-784043417611-Payment from Phone,-170.07,Debit,Food & Dining
TXN000336,2026-05-07,JIO RECHARGE-jio@icici-UPI-544659338574,-968.78,Debit,Bills & Utilities
TXN000337,2026-05-08,NEFT-PVRCINEMAS-360215787642,-742.07,Debit,Entertainment
TXN000338,2026-05-08,NEFT-BIGBASKET-778153043456,-411.1,Debit,Groceries
TXN000339,2026-05-09,DMART-dmart@paytm-UPI-276997995658,-368.3,Debit,Groceries
TXN000340,2026-05-09,IMPS-MCDONALDS-905912045674,-192.66,Debit,Food & Dining
TXN000341,2026-05-09,IMPS-FLIPKART-413981961007,-221.02,Debit,Shopping
TXN000342,2026-05-10,UPI/ZERODHA/064476415543/zerodha@icici,-487.96,Debit,Investment
TXN000343,2026-05-10,UPI-UBER-uber@paytm-582545395714-Payment from Phone,-666.39,Debit,Transport
TXN000344,2026-05-11,JIO RECHARGE-jio@icici-UPI-408047906730,-126.83,Debit,Bills & Utilities
TXN000345,2026-05-12,NEFT-CITYHOSPITAL-339216537265,-14887.58,Debit,Healthcare
TXN000346,2026-05-14,NEFT-PPFDEPOSIT-620582128011,-471.16,Debit,Investment
TXN000347,2026-05-15,IMPS-JIO RECHARGE-827478301914,-83.75,Debit,Bills & Utilities
TXN000348,2026-05-15,NEFT-BOOKMYSHOW-671580280444,-1067.0,Debit,Entertainment
TXN000349,2026-05-15,IMPS-ZEPTO-418094696096,-78.04,Debit,Groceries
TXN000350,2026-05-16,UPI/JIO RECHARGE/320637775136/jio@icici,-205.61,Debit,Bills & Utilities
TXN000351,2026-05-17,UPI/SWIGGY/800142210096/swiggy@ybl,-450.07,Debit,Food & Dining
TXN000352,2026-05-17,UPI-APOLLO PHARMACY-apollo@ybl-718168598624-Payment from Phone,-384.74,Debit,Healthcare
TXN000353,2026-05-18,UPI/MEDPLUS/766727203928/medplus@paytm,-314.1,Debit,Healthcare
TXN000354,2026-05-19,OLA-ola@okicici-UPI-614172697105,-683.36,Debit,Transport
TXN000355,2026-05-19,IMPS-NETFLIX-816962795594,-123.62,Debit,Entertainment
TXN000356,2026-05-20,UPI-JAIPUR VIDYUT VITRAN NIGAM-jvvnl@sbi-509845936469-Payment from Phone,-400.46,Debit,Bills & Utilities
TXN000357,2026-05-20,UPI-RAPIDO-rapido@ybl-047610316863-Payment from Phone,-223.91,Debit,Transport
TXN000358,2026-05-21,UPI-OLA-ola@okicici-117540535849-Payment from Phone,-407.94,Debit,Transport
TXN000359,2026-05-23,IMPS-TATA SKY-186468159016,-263.7,Debit,Bills & Utilities
TXN000360,2026-05-24,NEFT-FLIPKART-711037415814,-707.7,Debit,Shopping
TXN000361,2026-05-24,BLINKIT-blinkit@okhdfcbank-UPI-489639518775,-251.29,Debit,Groceries
TXN000362,2026-05-25,NEFT-AJIO-608345199689,-311.43,Debit,Shopping
TXN000363,2026-05-25,UPI-SWIGGY-swiggy@ybl-752674112421-Payment from Phone,-303.67,Debit,Food & Dining
TXN000364,2026-05-25,UPI-ZEPTO-zepto@ybl-131251763180-Payment from Phone,-1107.62,Debit,Groceries
TXN000365,2026-05-28,IMPS-BLINKIT-118941903226,-202.93,Debit,Groceries
TXN000366,2026-05-28,UPI-SWIGGY-swiggy@ybl-917418753163-Payment from Phone,-322.16,Debit,Food & Dining
TXN000367,2026-05-29,CHAIPOINT-chaipoint@ybl-UPI-832448194317,-353.56,Debit,Food & Dining
TXN000368,2026-05-30,UPI/BLINKIT/052144722179/blinkit@okhdfcbank,-437.93,Debit,Groceries
TXN000369,2026-05-30,NEFT-RELIANCEDIGITAL-808495827723,-658.23,Debit,Shopping
TXN000370,2026-05-31,IMPS-PRACTO-984097543860,-137.42,Debit,Healthcare
TXN000371,2026-05-31,NEFT-LOCALKIRANASTORE-764232906145,-644.83,Debit,Groceries
TXN000372,2026-06-01,UPI-NETFLIX-netflix@hdfcbank-180319011112-Payment from Phone,-657.21,Debit,Entertainment
TXN000373,2026-06-01,JAIPUR VIDYUT VITRAN NIGAM-jvvnl@sbi-UPI-571356778777,-369.2,Debit,Bills & Utilities
TXN000374,2026-06-01,DMART-dmart@paytm-UPI-540345845884,-636.37,Debit,Groceries
TXN000375,2026-06-01,NEFT-FREELANCEPAYMENT-473468083042,23741.99,Credit,Income
TXN000376,2026-06-01,UPI/FLIPKART/708709681363/flipkart@icici,-283.49,Debit,Shopping
TXN000377,2026-06-02,FLIPKART-flipkart@icici-UPI-447010885356,-689.02,Debit,Shopping
TXN000378,2026-06-02,IMPS-INDIAN OIL PETROL PUMP-843171249703,-619.44,Debit,Transport
TXN000379,2026-06-03,NEFT-MCDONALDS-298661203121,-265.09,Debit,Food & Dining
TXN000380,2026-06-03,NEFT-JIORECHARGE-914951097991,-634.97,Debit,Bills & Utilities
TXN000381,2026-06-03,IMPS-GROWW MUTUAL FUND-628979677931,-472.89,Debit,Investment
TXN000382,2026-06-04,UPI-MCDONALDS-mcd@okicici-106233615771-Payment from Phone,-281.55,Debit,Food & Dining
TXN000383,2026-06-04,IMPS-AJIO-699346506374,-323.63,Debit,Shopping
TXN000384,2026-06-05,BOOKMYSHOW-bms@ybl-UPI-182483547271,-254.85,Debit,Entertainment
TXN000385,2026-06-05,NEFT-PGACCOMMODATION-452874417874,-6924.26,Debit,Rent & Housing
TXN000386,2026-06-05,NEFT-FLIPKART-248909704945,-84.5,Debit,Shopping
TXN000387,2026-06-07,DOMINOS-dominos@okhdfcbank-UPI-595710758863,-99.09,Debit,Food & Dining
TXN000388,2026-06-07,ZERODHA-zerodha@icici-UPI-370251463036,-250.67,Debit,Investment
TXN000389,2026-06-07,IMPS-RAPIDO-446212907558,-610.86,Debit,Transport
TXN000390,2026-06-08,NEFT-FLIPKART-053439112186,-77.08,Debit,Shopping
TXN000391,2026-06-08,NEFT-BOOKSTORE-784911036149,-533.17,Debit,Education
TXN000392,2026-06-08,UPI-SPOTIFY-spotify@okaxis-137116632947-Payment from Phone,-390.2,Debit,Entertainment
TXN000393,2026-06-10,NEFT-NETFLIX-106549030016,-73.5,Debit,Entertainment
TXN000394,2026-06-10,NEFT-PRACTO-601725387650,-297.72,Debit,Healthcare
TXN000395,2026-06-11,UPI-FLIPKART-flipkart@icici-917079984616-Payment from Phone,-827.51,Debit,Shopping
TXN000396,2026-06-11,UPI-DOMINOS-dominos@okhdfcbank-945473454327-Payment from Phone,-537.89,Debit,Food & Dining
TXN000397,2026-06-14,IMPS-MYNTRA-682494888930,-986.24,Debit,Shopping
TXN000398,2026-06-15,IMPS-INDIAN OIL PETROL PUMP-601451990935,-374.68,Debit,Transport
TXN000399,2026-06-16,NEFT-DOMINOS-429078401633,-353.53,Debit,Food & Dining
TXN000400,2026-06-16,IMPS-SWIGGY-654424558507,-258.74,Debit,Food & Dining
TXN000401,2026-06-16,IMPS-BYJUS-275276446442,-443.58,Debit,Education
TXN000402,2026-06-17,UPI-CHAIPOINT-chaipoint@ybl-334058374174-Payment from Phone,-423.22,Debit,Food & Dining
TXN000403,2026-06-17,AJIO-ajio@paytm-UPI-665485349639,-529.27,Debit,Shopping
TXN000404,2026-06-17,UPI/MCDONALDS/083708303336/mcd@okicici,-184.83,Debit,Food & Dining
TXN000405,2026-06-18,NEFT-BIGBASKET-903303485926,-164.74,Debit,Groceries
TXN000406,2026-06-18,IMPS-DOMINOS-335816357363,-1145.56,Debit,Food & Dining
TXN000407,2026-06-19,UPI-AMAZON-amazon@apl-852094270803-Payment from Phone,-704.03,Debit,Shopping
TXN000408,2026-06-19,NEFT-RELIANCEDIGITAL-427638452464,-877.46,Debit,Shopping
TXN000409,2026-06-20,UPI-MCDONALDS-mcd@okicici-852974956745-Payment from Phone,-169.32,Debit,Food & Dining
TXN000410,2026-06-20,UPI/MYNTRA/427784896822/myntra@ybl,-884.84,Debit,Shopping
TXN000411,2026-06-21,UPI-AIRTEL POSTPAID-airtel@paytm-607708320986-Payment from Phone,-212.21,Debit,Bills & Utilities
TXN000412,2026-06-21,AJIO-ajio@paytm-UPI-210734949220,-395.98,Debit,Shopping
TXN000413,2026-06-24,NEFT-LOCALKIRANASTORE-795899282183,-130.02,Debit,Groceries
TXN000414,2026-06-26,UPI/TATA SKY/212248056154/tatasky@ybl,-183.21,Debit,Bills & Utilities
TXN000415,2026-06-27,NEFT-UDEMY-378096869672,-403.65,Debit,Education
